<?xml version="1.0" encoding="UTF-8"?>
<project basedir="." default="runSample">

    <property name="java.debug" value="on"/>
    <property name="build.dir" location="build" />

    <target name="init">
        <mkdir dir="${build.dir}"/>
    </target>

    <target name="compile" depends="init">
        <javac debug="${java.debug}" destdir="${build.dir}" srcdir="src">
            <include name="**/sample/*.java"/>
        </javac>
    </target>

    <target name="runSample" depends="compile">
       <java classname ="org.globus.tutorial.sample.Sample"
         fork      = "yes"
	 classpath="build" 
	 failonerror="yes">
   </java>
    </target>
</project>